id,metodo,estado,exito,exito_estricto,pasos,optimo,invalidas,valor_mal_declarado,coordenada_mal_declarada,tiempo_s
0,baseline,pisa_muro,False,False,3,12,,,,26.3
0,agente,exito,True,False,12,12,4,0,0,22.1
0,agente_sin_memoria,limite_pasos,False,False,81,12,41,0,0,163.5
0,aleatorio,limite_pasos,False,False,81,12,0,0,0,0.0
1,baseline,pisa_muro,False,False,2,11,,,,42.1
1,agente,propuestas_invalidas,False,False,2,11,5,0,0,9.8
1,agente_sin_memoria,limite_pasos,False,False,81,11,40,0,1,162.7
1,aleatorio,limite_pasos,False,False,81,11,0,0,0,0.0
2,baseline,pisa_muro,False,False,1,10,,,,39.5
2,agente,propuestas_invalidas,False,False,11,10,12,0,2,31.4
2,agente_sin_memoria,limite_pasos,False,False,81,10,2,0,0,109.3
2,aleatorio,limite_pasos,False,False,81,10,0,0,0,0.0
3,baseline,pisa_muro,False,False,1,13,,,,22.8
3,agente,limite_pasos,False,False,81,13,73,0,2,208.2
3,agente_sin_memoria,limite_pasos,False,False,81,13,0,0,0,107.4
3,aleatorio,exito,True,True,75,13,0,0,0,0.0
4,baseline,salto_no_adyacente,False,False,2,11,,,,41.7
4,agente,propuestas_invalidas,False,False,3,11,7,0,0,13.8
4,agente_sin_memoria,limite_pasos,False,False,81,11,41,0,0,167.4
4,aleatorio,limite_pasos,False,False,81,11,0,0,0,0.0
5,baseline,salto_no_adyacente,False,False,2,12,,,,41.9
5,agente,propuestas_invalidas,False,False,1,12,5,0,0,8.1
5,agente_sin_memoria,limite_pasos,False,False,81,12,40,0,0,160.5
5,aleatorio,limite_pasos,False,False,81,12,0,0,0,0.0
6,baseline,pisa_muro,False,False,2,16,,,,41.7
6,agente,propuestas_invalidas,False,False,4,16,8,0,0,16.0
6,agente_sin_memoria,limite_pasos,False,False,81,16,39,0,39,161.9
6,aleatorio,limite_pasos,False,False,81,16,0,0,0,0.0
7,baseline,pisa_muro,False,False,1,10,,,,41.6
7,agente,exito,True,False,10,10,3,0,2,17.8
7,agente_sin_memoria,limite_pasos,False,False,81,10,0,0,41,126.5
7,aleatorio,exito,True,True,66,10,0,0,0,0.0
8,baseline,salto_no_adyacente,False,False,2,11,,,,46.5
8,agente,propuestas_invalidas,False,False,2,11,6,0,0,10.9
8,agente_sin_memoria,limite_pasos,False,False,81,11,41,0,0,162.7
8,aleatorio,exito,True,True,41,11,0,0,0,0.0
9,baseline,pisa_muro,False,False,1,21,,,,41.6
9,agente,propuestas_invalidas,False,False,6,21,5,0,0,15.1
9,agente_sin_memoria,limite_pasos,False,False,81,21,38,0,0,161.5
9,aleatorio,limite_pasos,False,False,81,21,0,0,0,0.0
10,baseline,salto_no_adyacente,False,False,3,13,,,,19.9
10,agente,propuestas_invalidas,False,False,4,13,7,0,1,14.8
10,agente_sin_memoria,limite_pasos,False,False,81,13,41,0,1,165.6
10,aleatorio,limite_pasos,False,False,81,13,0,0,0,0.0
11,baseline,salto_no_adyacente,False,False,2,17,,,,41.5
11,agente,propuestas_invalidas,False,False,3,17,7,0,0,13.4
11,agente_sin_memoria,limite_pasos,False,False,81,17,40,0,0,159.7
11,aleatorio,limite_pasos,False,False,81,17,0,0,0,0.0
12,baseline,pisa_muro,False,False,1,16,,,,41.8
12,agente,propuestas_invalidas,False,False,1,16,4,0,0,7.2
12,agente_sin_memoria,limite_pasos,False,False,81,16,40,0,0,160.1
12,aleatorio,limite_pasos,False,False,81,16,0,0,0,0.0
13,baseline,pisa_muro,False,False,1,14,,,,26.6
13,agente,propuestas_invalidas,False,False,10,14,6,0,1,21.1
13,agente_sin_memoria,limite_pasos,False,False,81,14,39,0,0,164.2
13,aleatorio,exito,True,True,48,14,0,0,0,0.0
14,baseline,salto_no_adyacente,False,False,2,16,,,,41.9
14,agente,propuestas_invalidas,False,False,5,16,4,0,0,12.0
14,agente_sin_memoria,limite_pasos,False,False,81,16,38,1,2,156.7
14,aleatorio,limite_pasos,False,False,81,16,0,0,0,0.0
15,baseline,pisa_muro,False,False,1,12,,,,30.4
15,agente,propuestas_invalidas,False,False,10,12,12,0,3,29.8
15,agente_sin_memoria,limite_pasos,False,False,81,12,40,0,0,158.3
15,aleatorio,exito,True,True,58,12,0,0,0,0.0
16,baseline,pisa_muro,False,False,2,22,,,,41.4
16,agente,propuestas_invalidas,False,False,16,22,9,0,3,34.1
16,agente_sin_memoria,limite_pasos,False,False,81,22,41,0,0,162.2
16,aleatorio,limite_pasos,False,False,81,22,0,0,0,0.0
17,baseline,pisa_muro,False,False,1,11,,,,25.2
17,agente,propuestas_invalidas,False,False,8,11,7,0,0,19.9
17,agente_sin_memoria,limite_pasos,False,False,81,11,40,0,0,160.2
17,aleatorio,limite_pasos,False,False,81,11,0,0,0,0.0
18,baseline,pisa_muro,False,False,2,12,,,,41.4
18,agente,propuestas_invalidas,False,False,5,12,7,0,3,16.0
18,agente_sin_memoria,limite_pasos,False,False,81,12,40,0,0,159.8
18,aleatorio,limite_pasos,False,False,81,12,0,0,0,0.0
19,baseline,pisa_muro,False,False,3,11,,,,41.5
19,agente,propuestas_invalidas,False,False,14,11,12,0,2,35.6
19,agente_sin_memoria,limite_pasos,False,False,81,11,39,0,0,158.1
19,aleatorio,limite_pasos,False,False,81,11,0,0,0,0.0
